{"count":1,"self":23.792136,"total":24.1557367,"children":{"InitializeActuators":{"count":1,"self":0.0040003999999999994,"total":0.0040003999999999994,"children":null},"InitializeSensors":{"count":1,"self":0.0055204999999999994,"total":0.0055204999999999994,"children":null},"AgentSendState":{"count":911,"self":0.0090155,"total":0.045287999999999995,"children":{"CollectObservations":{"count":183,"self":0.017428799999999998,"total":0.017428799999999998,"children":null},"WriteActionMask":{"count":183,"self":0.0022483,"total":0.0022483,"children":null},"RequestDecision":{"count":183,"self":0.0165954,"total":0.0165954,"children":null}}},"DecideAction":{"count":911,"self":0.2251743,"total":0.2251743,"children":null},"AgentAct":{"count":911,"self":0.083112499999999992,"total":0.083112499999999992,"children":null}},"gauges":{},"metadata":{"timer_format_version":"0.1.0","start_time_seconds":"1751714671","unity_version":"2021.3.45f1","command_line_arguments":"C:\\Program Files\\UnityEditor\\2021.3.45f1\\Editor\\Unity.exe -projectpath C:\\Unity Projects\\My projectv00 -useHub -hubIPC -cloudEnvironment production -licensingIpc LicenseClient-sujit -hubSessionId 6a5d300c-a769-4e63-a4e4-47c8cfc091f8 -accessToken YW7Ecaj2k7V6a6JzzAaKpZ9yMR8hjUvtLshRAa1nEA4005f","communication_protocol_version":"1.5.0","com.unity.ml-agents_version":"2.0.1","scene_name":"MainScene","end_time_seconds":"1751714695"}}